{
  "generated_at": "2026-02-11T04:10:38.510184+00:00",
  "metrics": {
    "race": {
      "equalized_odds_difference": 0.1111111111111111,
      "tpr_difference": 0.1111111111111111,
      "fpr_difference": 0.07306088648425514,
      "by_group": {
        "tpr": {
          "?": 0.2222222222222222,
          "AfricanAmerican": 0.28134556574923547,
          "Asian": 0.14285714285714285,
          "Caucasian": 0.31832298136645965,
          "Hispanic": 0.325,
          "Other": 0.3333333333333333
        },
        "fpr": {
          "?": 0.06050955414012739,
          "AfricanAmerican": 0.13247863247863248,
          "Asian": 0.09523809523809523,
          "Caucasian": 0.13357044062438253,
          "Hispanic": 0.08571428571428572,
          "Other": 0.10160427807486631
        }
      },
      "group_counts": {
        "?": {
          "n": 341,
          "n_positive": 27
        },
        "AfricanAmerican": {
          "n": 2901,
          "n_positive": 327
        },
        "Asian": {
          "n": 91,
          "n_positive": 7
        },
        "Caucasian": {
          "n": 11410,
          "n_positive": 1288
        },
        "Hispanic": {
          "n": 320,
          "n_positive": 40
        },
        "Other": {
          "n": 202,
          "n_positive": 15
        }
      },
      "reliable_groups": [
        "?",
        "AfricanAmerican",
        "Caucasian",
        "Hispanic",
        "Other"
      ],
      "overall": {
        "tpr": 0.30927230046948356,
        "fpr": 0.1300051618612197
      },
      "threshold_used": 0.1599504842709414
    },
    "gender": {
      "equalized_odds_difference": 0.0313255292001019,
      "tpr_difference": 0.0313255292001019,
      "fpr_difference": 0.00813948278594026,
      "by_group": {
        "tpr": {
          "Female": 0.3233724653148346,
          "Male": 0.2920469361147327
        },
        "fpr": {
          "Female": 0.13379310344827586,
          "Male": 0.1256536206623356
        }
      },
      "group_counts": {
        "Female": {
          "n": 8187,
          "n_positive": 937
        },
        "Male": {
          "n": 7078,
          "n_positive": 767
        }
      },
      "reliable_groups": [
        "Female",
        "Male"
      ],
      "overall": {
        "tpr": 0.30927230046948356,
        "fpr": 0.1300051618612197
      },
      "threshold_used": 0.1599504842709414
    },
    "age": {
      "equalized_odds_difference": 0.3540998625744389,
      "tpr_difference": 0.3540998625744389,
      "fpr_difference": 0.06599882630316384,
      "by_group": {
        "tpr": {
          "Under 30": 0.5405405405405406,
          "[30-40)": 0.36923076923076925,
          "[40-50)": 0.3972602739726027,
          "[50-60)": 0.33031674208144796,
          "[60-70)": 0.24873096446700507,
          "[70-80)": 0.3025210084033613,
          "[80-90)": 0.3235294117647059,
          "[90-100)": 0.1864406779661017
        },
        "fpr": {
          "Under 30": 0.1072463768115942,
          "[30-40)": 0.1297071129707113,
          "[40-50)": 0.12074303405572756,
          "[50-60)": 0.09497678345293373,
          "[60-70)": 0.1310663585341697,
          "[70-80)": 0.13917374743627306,
          "[80-90)": 0.16097560975609757,
          "[90-100)": 0.12631578947368421
        }
      },
      "group_counts": {
        "Under 30": {
          "n": 382,
          "n_positive": 37
        },
        "[30-40)": {
          "n": 543,
          "n_positive": 65
        },
        "[40-50)": {
          "n": 1438,
          "n_positive": 146
        },
        "[50-60)": {
          "n": 2590,
          "n_positive": 221
        },
        "[60-70)": {
          "n": 3423,
          "n_positive": 394
        },
        "[70-80)": {
          "n": 3889,
          "n_positive": 476
        },
        "[80-90)": {
          "n": 2561,
          "n_positive": 306
        },
        "[90-100)": {
          "n": 439,
          "n_positive": 59
        }
      },
      "reliable_groups": [
        "Under 30",
        "[30-40)",
        "[40-50)",
        "[50-60)",
        "[60-70)",
        "[70-80)",
        "[80-90)",
        "[90-100)"
      ],
      "overall": {
        "tpr": 0.30927230046948356,
        "fpr": 0.1300051618612197
      },
      "threshold_used": 0.1599504842709414
    }
  }
}