{
  "race": 0.0012722161694696643,
  "gender": -0.0002590061668835908,
  "age": 0.005403483754331417,
  "admission_type_id": 0.0019398783379429795,
  "discharge_disposition_id": 0.044065625223948926,
  "admission_source_id": 0.0008007679090792141,
  "time_in_hospital": 0.003538956126949211,
  "num_lab_procedures": 0.0011375049203858011,
  "num_procedures": 0.0008582329955447276,
  "num_medications": 0.0024205658452348456,
  "number_outpatient": -0.0009599209691697475,
  "number_emergency": 0.004770761950955027,
  "number_inpatient": 0.07498848015210695,
  "A1Cresult": 0.0008475786508743033,
  "metformin": 0.003134536763634177,
  "insulin": -1.1956927020473352e-05,
  "change": 0.0003720062676281444,
  "diabetesMed": 0.002158829015683894
}